Age,Gender,Race,Month,State,Cause,Armed,POV,Unemployment Rate,College Graduation Rate
16,Male,Black,February,AL,Gunshot,No,14.1,0.097686375,0.168509509
27,Male,White,April,LA,Gunshot,No,28.8,0.065723794,0.111402359
26,Male,White,March,WI,Gunshot,No,14.6,0.166293142,0.147312269
25,Male,Hispanic/Latino,March,CA,Gunshot,Firearm,11.7,0.124827269,0.050132928
29,Male,White,March,OH,Gunshot,No,1.9,0.063549832,0.403954214
29,Male,White,March,AZ,Gunshot,No,58,0.073651452,0.102955195
22,Male,Hispanic/Latino,March,CA,Gunshot,Firearm,17.2,0.131461131,0.20380117
35,Male,Hispanic/Latino,March,CA,Gunshot,Non-lethal firearm,12.2,0.094346979,0.090437601
44,Male,White,January,TX,Gunshot,Firearm,37.7,0.140832976,0.047601339
31,Male,White,February,MI,Gunshot,Other,18.4,0.174167417,0.102691511
76,Male,White,April,CA,Gunshot,Knife,9.2,0.041085271,0.100328947
40,Male,White,May,CA,Gunshot,No,4.4,0.057580779,0.527176781
0,Male,Hispanic/Latino,February,TX,Gunshot,No,18.1,0.073771857,0.095803642
31,Male,White,February,IN,Gunshot,Firearm,13.1,0.054470101,0.345857854
23,Male,White,April,IN,Gunshot,Non-lethal firearm,26,0.067321178,0.568033429
39,Male,Hispanic/Latino,May,TN,Gunshot,Firearm,36.3,0.088225858,0.226814777
25,Female,Black,April,GA,Gunshot,Vehicle,42.4,0.229482072,0.3805374
54,Male,Hispanic/Latino,May,VA,Gunshot,Firearm,20.5,0.011916111,0.424964937
24,Female,White,March,CA,Gunshot,Firearm,11.6,0.040850588,0.552548489
57,Male,Black,January,CA,Death in custody,No,6.4,0.063268366,0.40952621
21,Male,Hispanic/Latino,February,CA,Gunshot,Vehicle,12.7,0.115890508,0.349884906
42,Male,Black,January,NE,Death in custody,No,10.3,0.035221496,0.258886442
21,Male,Hispanic/Latino,February,KS,Gunshot,Other,36.5,0.178185745,0.070931245
36,Male,White,March,CA,Gunshot,Firearm,24.4,0.262976968,0.071504237
26,Male,White,April,OK,Gunshot,Firearm,20.3,0.011335013,0.1694018
49,Male,White,March,OR,Gunshot,Firearm,24.8,0.131158917,0.125731679
54,Male,White,January,NH,Gunshot,Firearm,5.4,0.087385483,0.284854246
26,Male,White,April,CA,Gunshot,Firearm,17.4,0.098980204,0.179372197
48,Male,Black,March,FL,Gunshot,Firearm,18.2,0.176148796,0.15356292
33,Male,Hispanic/Latino,January,TX,Gunshot,Firearm,58.1,0.14461316,0.047239915
21,Male,Hispanic/Latino,April,CA,Gunshot,Knife,24.1,0.17323741,0.117980072
41,Male,Black,March,MA,Gunshot,Firearm,41.3,0.22039801,0.182336182
48,Male,Black,February,TN,Gunshot,Vehicle,18.9,0.218520333,0.140077821
36,Male,Black,May,AL,Gunshot,Knife,8.9,0.063658099,0.422256775
41,Male,Hispanic/Latino,February,GA,Gunshot,Firearm,9.5,0.133676093,0.268161872
29,Male,Black,May,PA,Gunshot,Knife,9.3,0.206855081,0.172319475
27,Male,Black,March,GA,Gunshot,No,18.6,0.170409511,0.565535024
45,Male,White,February,GA,Gunshot,Firearm,27.8,0.11037302,0.172743574
32,Male,Hispanic/Latino,March,CA,Gunshot,Firearm,37.4,0.123766135,0.100675676
35,Male,Hispanic/Latino,February,WA,Gunshot,Firearm,35.9,0.131743119,0.057256583
36,Male,Black,January,AR,Gunshot,Firearm,15.6,0.055732484,0.100468284
35,Male,Black,March,GA,Taser,Knife,20.5,0.150121065,0.192909897
40,Male,Hispanic/Latino,March,OK,Gunshot,Vehicle,25.1,0.142746615,0.035338785
18,Male,White,May,FL,Gunshot,Firearm,17.1,0.115461847,0.205354678
34,Female,White,January,IA,Gunshot,Firearm,26.3,0.105963791,0.096564885
39,Male,Hispanic/Latino,March,CA,Gunshot,Knife,20.6,0.123624444,0.06139805
21,Male,Hispanic/Latino,March,TX,Gunshot,Other,36.2,0.109816972,0.022668394
62,Male,Black,March,GA,Struck by vehicle,No,41.4,0.23108747,0.129396985
43,Female,White,February,NC,Gunshot,Firearm,28.7,0.195510204,0.170362358
44,Male,White,May,NM,Gunshot,Firearm,25.8,0.076500588,0.162601626
29,Male,White,April,OK,Gunshot,Firearm,19.1,0.042686101,0.139616613
35,Male,Black,March,DC,Gunshot,Firearm,11.9,0.019665683,0.828070175
50,Male,White,February,FL,Gunshot,Knife,14.1,0.080136986,0.175059952
18,Male,Black,March,OH,Gunshot,Firearm,32.8,0.204280156,0.083226633
25,Male,White,April,TX,Gunshot,Firearm,10.2,0.047407913,0.171770432
31,Male,White,March,ID,Gunshot,Knife,9.5,0.095137421,0.226443265
29,Male,Black,May,CA,Gunshot,Firearm,13.2,0.12679524,0.662311147
49,Male,White,March,OR,Gunshot,Firearm,21.6,0.150479846,0.151658768
23,Male,Unknown,January,CA,Gunshot,Firearm,16.3,0.125765426,0.015885947
45,Male,White,February,CO,Gunshot,Knife,7.7,0.044583333,0.380767739
26,Male,Black,January,CA,Taser,Firearm,23.6,0.214183381,0.198357549
35,Male,White,January,KS,Gunshot,Knife,9.5,0.041356877,0.240897389
34,Male,White,February,OR,Gunshot,Non-lethal firearm,5,0.110323438,0.165820137
46,Male,Asian/Pacific Islander,May,HI,Gunshot,No,14.4,0.055155875,0.510619469
29,Male,Black,March,KY,Gunshot,Knife,8.6,0.053564237,0.214598953
39,Male,Black,February,FL,Taser,Firearm,7.8,0.081150488,0.358902001
28,Male,Asian/Pacific Islander,March,CA,Gunshot,Knife,50.7,0.348008386,0.061581248
51,Male,Hispanic/Latino,April,AZ,Gunshot,Knife,25.8,0.103244838,0.211139241
67,Male,White,January,KY,Gunshot,Firearm,34.2,0.312611012,0.035820896
53,Male,White,May,FL,Gunshot,Firearm,10.6,0.099182004,0.520915354
25,Male,Black,May,MI,Gunshot,No,46.3,0.258064516,0.065584416
30,Male,Black,March,FL,Gunshot,Knife,47.4,0.155444722,0.070175439
24,Male,Hispanic/Latino,April,TX,Gunshot,No,40.9,0.062886598,0.078923358
35,Male,White,February,CA,Taser,Firearm,32.2,0.214501511,0.106990014
43,Male,Black,March,CA,Gunshot,Vehicle,79.2,0.439590444,0.060441941
24,Male,White,February,SC,Gunshot,Firearm,14.4,0.095290859,0.198029891
29,Male,White,January,AZ,Gunshot,Firearm,10.9,0.107042254,0.146116241
38,Male,Black,May,KY,Gunshot,Firearm,10.9,0.032068063,0.388998035
31,Male,White,April,AR,Gunshot,No,18.2,0.092469018,0.213943194
36,Male,White,March,OR,Gunshot,Other,31,0.138262782,0.130825139
23,Male,White,March,GA,Gunshot,Firearm,12.2,0.050383481,0.479000583
38,Male,White,April,VA,Gunshot,Firearm,11.6,0.103721571,0.195180723
53,Male,White,March,WV,Gunshot,No,14.4,0.13483871,0.167398946
24,Male,White,February,UT,Gunshot,Knife,20.5,0.071107364,0.25940902
26,Male,White,January,TX,Gunshot,Firearm,19.4,0.068076536,0.113879004
28,Male,Black,February,MO,Gunshot,Firearm,36.2,0.034616881,0.674125874
34,Female,White,February,GA,Gunshot,Knife,14.8,0.140276302,0.200720072
28,Male,Black,May,FL,Gunshot,Firearm,20,0.149261335,0.202439778
40,Male,Black,May,MD,Taser,Firearm,19.9,0.159026599,0.380490588
51,Male,Black,May,NY,Gunshot,No,20.1,0.106880138,0.109860116
44,Male,White,April,NE,Gunshot,Firearm,16.5,0.025311025,0.268360599
25,Male,Hispanic/Latino,January,TX,Gunshot,Firearm,21.5,0.144497608,0.013547237
56,Male,White,February,AZ,Gunshot,Knife,3,0.079104478,0.423807081
37,Male,Hispanic/Latino,April,WA,Gunshot,Firearm,18,0.131736527,0.142030276
58,Male,White,April,FL,Gunshot,Firearm,9.4,0.12539185,0.201200343
39,Male,White,February,NE,Gunshot,Firearm,30.5,0.093378608,0.10933759
37,Male,Hispanic/Latino,February,AZ,Gunshot,No,15.7,0.188067445,0.16084788
35,Male,Black,April,NJ,Gunshot,Knife,10.9,0.1,0.392834891
26,Male,Black,January,MD,Gunshot,Firearm,51,0.309882747,0.014117647
47,Male,Black,March,OK,Taser,Firearm,33.4,0.203271028,0.081980519
31,Male,Black,April,MD,Taser,Firearm,46.7,0.348777349,0.091324201
60,Male,White,May,SC,Gunshot,No,18.4,0.148903424,0.162518302
32,Male,Black,April,IL,Gunshot,No,26.9,0.166843783,0.207425343
45,Male,White,January,ID,Gunshot,Non-lethal firearm,42.4,0.091570649,0.26719057
42,Male,Hispanic/Latino,February,FL,Gunshot,Firearm,14.3,0.155357805,0.258240183
17,Male,White,May,CO,Gunshot,Firearm,25.7,0.079276773,0.261888814
22,Male,Hispanic/Latino,May,TX,Gunshot,Firearm,26.2,0.131071191,0.132780083
33,Male,Hispanic/Latino,January,CA,Gunshot,Firearm,50.6,0.151145038,0.026600166
18,Male,White,May,NC,Gunshot,No,8.5,0.038598999,0.526623377
39,Male,White,April,MI,Taser,Firearm,11.2,0.145936982,0.212507778
59,Male,White,February,PA,Gunshot,Firearm,7.4,0.034010601,0.267043669
33,Male,White,April,OK,Taser,Firearm,34.7,0.11886697,0.202991453
58,Male,White,April,OH,Gunshot,Firearm,8.7,0.037341299,0.141363636
58,Male,White,May,NY,Gunshot,No,12.9,0.158176944,0.147076372
47,Male,White,March,LA,Struck by vehicle,Firearm,43.1,0.192203083,0.123522459
41,Male,White,March,CT,Taser,Other,8.3,0.071680376,0.382333768
64,Male,White,February,CA,Struck by vehicle,Firearm,7.3,0.068592058,0.285611251
45,Male,White,April,CA,Gunshot,Firearm,24.3,0.11815301,0.165626027
53,Female,White,March,KS,Gunshot,Firearm,6.3,0.035865793,0.283661878
24,Male,White,March,NC,Gunshot,Knife,26.7,0.116172169,0.12675
48,Male,Black,May,LA,Gunshot,Firearm,38.3,0.057540884,0.14025974
29,Male,Black,January,FL,Gunshot,No,26.9,0.160730056,0.182923381
40,Male,Hispanic/Latino,May,NY,Death in custody,Firearm,36.7,0.176021554,0.102324177
34,Male,White,May,CA,Gunshot,Vehicle,10.8,0.056382146,0.385287202
21,Male,Black,March,NY,Gunshot,Firearm,4.4,0.109368376,0.240339473
26,Male,White,March,FL,Gunshot,Unknown,17.4,0.102382486,0.056138934
45,Male,Black,February,TX,Gunshot,Firearm,40.1,0.172051696,0.029108327
25,Male,Black,April,LA,Gunshot,Firearm,39.4,0.018193225,0.108970831
17,Male,White,March,MI,Gunshot,Non-lethal firearm,8.5,0.090425532,0.168076923
24,Male,Black,March,CA,Gunshot,Other,9.1,0.107110979,0.348542762
42,Male,Black,January,AZ,Gunshot,Knife,10,0.024411135,0.505309505
29,Male,Black,February,CA,Gunshot,Firearm,20.7,0.175749894,0.048747913
42,Male,Black,April,GA,Gunshot,Knife,19.3,0.111002921,0.197846568
30,Male,Black,March,VA,Taser,Firearm,14.8,0.0509487,0.176186645
29,Male,Black,April,IN,Gunshot,Firearm,21.8,0.087258687,0.10559723
39,Male,Black,April,NY,Taser,Firearm,44.5,0.125672372,0.138646288
63,Male,White,April,IL,Gunshot,Non-lethal firearm,11.3,0.104347826,0.105422829
49,Male,White,March,MS,Gunshot,Firearm,22.9,0.105180534,0.095789972
41,Male,Black,April,SC,Gunshot,Firearm,26,0.131529264,0.171848739
27,Male,Black,January,IN,Gunshot,Other,28.9,0.121461408,0.142857143
30,Male,White,February,MA,Gunshot,No,1.8,0.058623619,0.41799308
60,Male,White,April,TX,Gunshot,Knife,15.4,0.09619801,0.117877423
77,Male,Black,March,AL,Gunshot,No,37.5,0.145048815,0.088550247
19,Male,Unknown,May,AZ,Gunshot,No,21.7,0.216194332,0.139520776
37,Male,Hispanic/Latino,March,CA,Gunshot,Firearm,7.6,0.160571809,0.163655685
54,Male,Black,January,MD,Gunshot,Firearm,10.1,0.067278287,0.345549738
29,Male,Hispanic/Latino,April,CA,Gunshot,Firearm,32,0.216848674,0.08590604
30,Male,Black,May,TX,Gunshot,No,9.2,0.092148913,0.315638907
24,Male,Hispanic/Latino,May,NJ,Gunshot,Knife,11.1,0.032626816,0.34819491
21,Male,White,March,AZ,Gunshot,Firearm,21.7,0.216194332,0.139520776
44,Male,Black,April,OK,Gunshot,Firearm,26.7,0.080686695,0.408774373
40,Male,White,May,AZ,Gunshot,Firearm,16.3,0.059301769,0.097701149
32,Male,White,April,OK,Gunshot,Knife,18,0.053372149,0.170479474
22,Male,Hispanic/Latino,April,TX,Gunshot,Knife,17.8,0.05323741,0.243867655
43,Male,White,April,AZ,Gunshot,Firearm,39.9,0.12,0.13821938
52,Male,Hispanic/Latino,April,CA,Gunshot,Knife,23.2,0.135651629,0.084254483
27,Male,Hispanic/Latino,February,CA,Gunshot,No,25.7,0.065989848,0.030701754
34,Male,White,April,NM,Gunshot,Vehicle,12.5,0.078817734,0.27692788
20,Male,White,March,TX,Gunshot,No,16.3,0.133622126,0.103164283
25,Male,Black,March,MD,Gunshot,Firearm,23.4,0.206338726,0.093983992
24,Male,Black,April,NY,Gunshot,Knife,11,0.082673703,0.448705012
20,Male,Unknown,May,CA,Gunshot,Firearm,11.3,0.086558761,0.442805539
46,Male,White,February,AL,Gunshot,Firearm,20.1,0.078163166,0.15942482
42,Male,White,February,CA,Gunshot,Firearm,23.6,0.086389961,0.141213064
43,Male,White,February,NV,Gunshot,Firearm,19.9,0.163898117,0.217720392
41,Male,Black,April,TX,Gunshot,No,14.6,0.081424936,0.168716372
59,Male,White,March,MO,Gunshot,No,14.1,0.138454667,0.161811162
25,Male,Black,April,MD,Death in custody,Firearm,39.1,0.254367575,0.036792453
42,Male,White,April,CA,Gunshot,Firearm,23,0.090163934,0.362808843
64,Male,White,March,FL,Gunshot,Firearm,36.6,0.091334895,0.358885017
22,Male,White,January,MA,Struck by vehicle,Unknown,7.7,0.096795291,0.527820122
24,Male,White,May,OK,Gunshot,Knife,1.3,0.049786629,0.596791444
63,Male,White,April,OK,Gunshot,No,20.4,0.086882453,0.117714286
56,Male,White,March,CA,Gunshot,No,7.5,0.057553957,0.540820096
60,Male,White,March,IN,Gunshot,No,20.1,0.075280112,0.131186929
54,Male,White,March,AL,Gunshot,Firearm,8.3,0.073079325,0.251100352
37,Male,Black,February,OK,Gunshot,No,31.3,0.04467354,0.294754572
22,Male,White,April,FL,Gunshot,Firearm,15.8,0.108825481,0.237702807
39,Male,White,March,IN,Taser,Firearm,8.8,0.086255656,0.307383628
45,Male,White,April,FL,Gunshot,Knife,19.2,0.114788437,0.158741259
57,Male,White,May,GA,Gunshot,No,6.6,0.066384181,0.085993241
42,Male,White,March,WV,Gunshot,Firearm,13.3,0.093187661,0.160032167
41,Male,Black,January,OH,Gunshot,Firearm,-,NA,NA
19,Male,Hispanic/Latino,April,CA,Gunshot,No,42,0.171334432,0.039807524
26,Male,Black,February,OK,Gunshot,Knife,37.4,0.12745682,0.068254695
34,Male,White,February,MS,Gunshot,No,16.1,0.096869245,0.125579342
69,Male,White,January,KY,Struck by vehicle,No,45.4,0.205128205,0.103820598
64,Female,Asian/Pacific Islander,March,NJ,Struck by vehicle,No,19.4,0.100585418,0.168669131
35,Male,Asian/Pacific Islander,February,TX,Gunshot,No,28.3,0.104712042,0.22823219
40,Male,Black,February,NC,Gunshot,No,24.6,0.195104392,0.149602386
19,Male,Black,January,MO,Gunshot,Firearm,37.6,0.507614213,0.029233871
27,Male,Hispanic/Latino,April,IL,Gunshot,No,31.2,0.203891051,0.092969204
37,Male,Hispanic/Latino,February,FL,Gunshot,Firearm,30.7,0.153279786,0.171372292
17,Male,White,February,MI,Gunshot,Knife,40,0.260663507,0.101298701
39,Male,Black,March,FL,Gunshot,Firearm,54.2,0.305194805,0.095599393
74,Male,Black,February,NC,Gunshot,Firearm,33.7,0.19297235,0.045287638
42,Male,White,January,UT,Gunshot,Firearm,18.3,0.03653323,0.638549618
47,Male,White,June,TX,Gunshot,No,34.8,0.097790055,0.162665563
43,Male,White,May,SC,Gunshot,Knife,4,0.092042385,0.495871946
46,Male,White,March,CO,Gunshot,No,7.7,0.041666667,0.207537688
44,Male,White,March,NY,Gunshot,Firearm,9.5,0.09765625,0.16256457
31,Male,White,March,TN,Gunshot,Other,15.4,0.139391056,0.324362111
47,Male,White,May,MO,Gunshot,Firearm,16.4,0.065677966,0.138937031
41,Male,Hispanic/Latino,March,CA,Gunshot,Firearm,8.6,0.066012002,0.482361963
43,Male,White,March,OK,Struck by vehicle,Vehicle,21.1,0.119248218,0.319685039
40,Male,Unknown,May,OR,Gunshot,Non-lethal firearm,20.2,0.187595323,0.378757515
32,Male,Black,May,CO,Gunshot,Firearm,12.4,0.08035982,0.106167401
31,Male,Black,March,LA,Gunshot,Vehicle,48.4,0.27734375,0.120772947
20,Male,White,March,WA,Gunshot,Firearm,17.4,0.12704918,0.15408805
20,Female,Black,February,NC,Gunshot,Firearm,68.2,0.422321429,0.079066753
33,Male,White,April,FL,Gunshot,No,14.1,0.108317215,0.200268817
22,Male,Black,April,LA,Gunshot,Other,57.1,0.20361991,0.087719298
41,Male,White,February,NM,Gunshot,No,17.6,0.061612903,0.199338135
41,Male,Black,May,NJ,Struck by vehicle,No,9.3,0.066434996,0.487170943
32,Male,White,April,NC,Gunshot,Knife,17.2,0.089311334,0.111002445
16,Male,White,February,MD,Gunshot,Firearm,11.3,0.115929459,0.136934307
29,Male,Black,March,CA,Gunshot,Knife,11.6,0.092623405,0.276122083
42,Male,White,March,OH,Gunshot,Unknown,13.4,0.063731932,0.243725869
29,Male,Black,May,FL,Gunshot,Unknown,28.1,0.11313083,0.164427727
47,Male,White,March,CA,Gunshot,Firearm,46.2,0.132231405,0.066834805
53,Male,Black,April,VA,Gunshot,Other,25.7,0.105973025,0.061827957
18,Male,Black,April,IL,Gunshot,No,24.9,0.191593353,0.28164794
47,Male,White,March,KY,Death in custody,Firearm,33.2,0.096566524,0.142857143
34,Male,White,January,UT,Gunshot,No,7.7,0.018841912,0.328571429
36,Male,White,May,GA,Gunshot,Firearm,8.1,0.140740741,0.225638353
63,Male,White,March,HI,Struck by vehicle,Firearm,7.3,0.110093792,0.313166605
36,Male,White,March,FL,Gunshot,No,7.9,0.063364345,0.424920803
27,Male,Black,March,SC,Gunshot,Firearm,24.1,0.151768733,0.109768379
28,Male,Black,February,FL,Gunshot,Vehicle,32.6,0.133175195,0.38185567
33,Male,Black,January,OH,Gunshot,No,26,0.145665323,0.06088993
32,Male,Black,May,SC,Gunshot,No,16.6,0.044805195,0.779063361
42,Male,White,February,PA,Gunshot,Knife,11.3,0.072277228,0.19303675
31,Male,White,April,PA,Gunshot,Firearm,13.9,0.030340815,0.224592221
17,Female,Hispanic/Latino,January,CO,Gunshot,Firearm,11.8,0.096314908,0.441001565
28,Female,Unknown,February,AZ,Gunshot,Firearm,20.9,0.151329243,0.080025472
24,Male,White,May,LA,Gunshot,Firearm,26.4,0.082046758,0.166790767
71,Male,Unknown,January,AR,Gunshot,Firearm,32.9,0.137774413,0.132464712
51,Male,Black,February,TX,Gunshot,No,36.1,0.140606992,0.058467131
28,Male,Hispanic/Latino,February,AZ,Gunshot,Other,39.7,0.149219467,0.244320298
53,Male,White,April,TN,Gunshot,Firearm,1.1,0.021902017,0.755110384
54,Male,White,March,NV,Gunshot,No,13.6,0.116955446,0.120423467
45,Male,White,January,MS,Gunshot,Firearm,31.4,0.091877986,0.174675128
33,Male,White,May,FL,Unknown,Other,15.2,0.114509804,0.497148004
48,Male,White,January,MT,Gunshot,Firearm,21.6,0.170554692,0.368347987
34,Male,White,January,NM,Gunshot,Firearm,7.3,0.050728277,0.507961165
23,Male,Hispanic/Latino,January,KS,Gunshot,Knife,24.1,0.106899903,0.206730769
35,Male,White,February,CA,Gunshot,Firearm,16,0.119515253,0.148913897
33,Male,Hispanic/Latino,February,AK,Gunshot,Knife,18.4,0.096503497,0.355088496
32,Male,White,January,AZ,Gunshot,Firearm,7.1,0.067204301,0.427527406
52,Male,White,May,OH,Gunshot,Firearm,15.3,0.085316847,0.347386588
30,Male,White,April,NY,Gunshot,No,42,0.086378738,0.234789009
23,Male,White,February,CA,Gunshot,Firearm,15,0.102047449,0.169544297
35,Male,White,May,AR,Gunshot,Knife,22.6,0.07388664,0.207895842
42,Male,Black,March,TX,Death in custody,No,36.4,0.106456044,0.390316206
37,Male,White,February,FL,Gunshot,No,16,0.129227053,0.169018933
56,Male,Hispanic/Latino,January,TX,Gunshot,No,29.3,0.087265136,0.050646175
36,Male,Hispanic/Latino,January,CA,Gunshot,Disputed,23.5,0.160147262,0.144635049
27,Male,Hispanic/Latino,April,CA,Gunshot,Firearm,20.1,0.151374509,0.084873066
30,Male,White,February,WI,Gunshot,Firearm,13.6,0.08816521,0.213095586
31,Male,White,January,IL,Gunshot,Firearm,11.5,0.095054592,0.131664853
46,Male,White,February,FL,Gunshot,Firearm,35.2,0.127546072,0.146364057
51,Male,White,April,OK,Gunshot,Firearm,21.5,0.159594096,0.145865434
72,Male,Unknown,May,GA,Gunshot,Firearm,14.1,0.099892819,0.247864986
28,Male,White,April,CA,Death in custody,Knife,11.8,0.176044568,0.064474254
63,Male,White,March,AZ,Gunshot,Firearm,13,0.05121876,0.245041426
28,Male,White,April,CA,Gunshot,Firearm,6.6,0.120577121,0.350638761
33,Male,Hispanic/Latino,April,AZ,Gunshot,Knife,13.4,0.118041583,0.198295641
24,Male,Hispanic/Latino,January,TX,Gunshot,Knife,26,0.043478261,0.117073171
27,Male,White,April,IL,Gunshot,Firearm,22.4,0.085856304,0.247985121
24,Male,Native American,March,AZ,Gunshot,Firearm,48.9,0.262736536,0.102930128
28,Male,White,March,MN,Gunshot,Firearm,18.1,0.106712565,0.161686451
28,Male,White,May,FL,Gunshot,Firearm,4.6,0.054535801,0.458288579
17,Male,Black,April,IL,Gunshot,Firearm,19.1,0.273263434,0.101003764
46,Female,White,April,CA,Gunshot,Vehicle,6.6,0.065811966,0.400197954
52,Male,Black,April,NY,Death in custody,Firearm,9.1,0.059414226,0.172615185
39,Male,Black,January,CO,Gunshot,Vehicle,20.3,0.1340882,0.263902439
49,Female,White,March,AZ,Gunshot,Non-lethal firearm,17.6,0.104332953,0.100755668
30,Male,Black,May,TX,Gunshot,No,6,0.039571006,0.368676546
51,Male,White,April,AZ,Gunshot,No,13,0.107897153,0.190435887
16,Male,Black,March,FL,Gunshot,Firearm,36.4,0.232041049,0.105285592
18,Male,White,January,OK,Gunshot,Non-lethal firearm,33.3,0.105769231,0.105675147
22,Male,Hispanic/Latino,January,AZ,Gunshot,No,8.5,0.069218871,0.269216758
40,Male,Black,May,GA,Gunshot,Firearm,17,0.136045259,0.17954453
61,Male,White,February,ME,Gunshot,Knife,17.9,0.115207373,0.144492132
52,Male,White,May,DE,Gunshot,Firearm,6.4,0.063839559,0.241391224
51,Male,White,February,IN,Gunshot,Firearm,15.1,0.125633232,0.090463918
36,Male,Black,May,NJ,Gunshot,Firearm,4.5,0.096800997,0.294627383
36,Male,White,May,UT,Gunshot,No,12.4,0.03559965,0.199397288
59,Male,White,April,SC,Gunshot,No,14.5,0.100581395,0.470207254
17,Female,White,January,TX,Gunshot,Firearm,27.4,0.13706706,0.174307036
18,Male,White,May,MI,Gunshot,No,6,0.091408935,0.236224029
41,Male,White,February,TX,Gunshot,Other,10.3,0.075596817,0.140482128
33,Male,Native American,January,AK,Death in custody,Knife,20.2,0.129310345,0.076845638
25,Male,Black,February,FL,Gunshot,Firearm,8.2,0.116955017,0.16485773
23,Male,Black,February,MO,Gunshot,No,38.7,0.201671309,0.10056391
47,Male,Black,January,PA,Gunshot,Firearm,30.5,0.102179837,0.083578792
58,Male,White,March,NC,Gunshot,Firearm,14.8,0.095274683,0.153032832
47,Male,White,January,OR,Gunshot,No,8.8,0.135547919,0.174886536
34,Male,Black,May,MD,Gunshot,Firearm,3.5,0.120465116,0.20610687
28,Male,White,January,MT,Gunshot,Firearm,9.5,0.049460432,0.300439399
37,Male,Black,May,WA,Death in custody,No,24.4,0.099949006,0.110704111
87,Male,White,January,NY,Struck by vehicle,Firearm,6.5,0.133264463,0.160841534
39,Male,Asian/Pacific Islander,April,CO,Gunshot,Firearm,7.7,0.051483733,0.824971165
27,Male,Hispanic/Latino,April,CA,Gunshot,Knife,14.7,0.164906988,0.176865936
35,Male,Hispanic/Latino,April,CA,Gunshot,Firearm,50.6,0.157422081,0.126103405
36,Male,Black,April,IN,Gunshot,Vehicle,38.2,0.224820144,0.085378869
24,Male,Black,January,MN,Gunshot,Vehicle,48.9,0.223255814,0.177067083
26,Male,Black,May,NE,Gunshot,No,18.7,0.095988539,0.190532081
34,Male,Black,January,VA,Gunshot,Firearm,10.8,0.09905795,0.188659579
51,Male,White,April,MO,Gunshot,Other,69.4,0.028318584,0.579006772
49,Male,White,April,OR,Gunshot,Firearm,33.8,0.238070806,0.112681913
41,Male,White,May,IL,Gunshot,Firearm,39.1,0.19002079,0.026403743
54,Male,White,April,OK,Gunshot,No,8.9,0.098895582,0.085796683
36,Male,Black,February,TN,Gunshot,Firearm,34.3,0.112596554,0.040115301
26,Male,Black,May,FL,Unknown,Firearm,51.4,0.294452347,0.077979132
35,Male,Asian/Pacific Islander,January,CA,Gunshot,Firearm,29.1,0.235502122,0.101457097
22,Male,Black,January,GA,Death in custody,Other,30.1,0.119607843,0.202453988
27,Male,White,February,TN,Gunshot,Other,18.1,0.140121439,0.088607595
42,Male,White,May,CA,Gunshot,Firearm,31.1,0.107025846,0.475305216
32,Male,White,January,CA,Gunshot,Other,8.6,0.050441655,0.794069862
32,Male,White,February,MI,Gunshot,Other,3.3,0.069385271,0.238783649
25,Male,White,March,AZ,Gunshot,Firearm,20.5,0.059773829,0.518049398
26,Female,Black,March,CA,Gunshot,No,8.9,0.086549063,0.318350079
53,Male,White,May,KY,Gunshot,No,18.7,0.088392857,0.153225806
26,Male,White,February,ID,Gunshot,Knife,29.6,0.117797332,0.228324505
40,Male,White,April,KY,Gunshot,Non-lethal firearm,15.4,0.053853296,0.493210587
55,Male,White,May,NC,Taser,Firearm,31.5,0.251207729,0.08121547
29,Male,White,January,MO,Gunshot,No,12,0.138111888,0.11350548
31,Male,White,February,MO,Gunshot,No,26.5,0.166007905,0.105626851
19,Male,White,January,HI,Struck by vehicle,Knife,5.4,0.045591398,0.182048498
57,Male,Unknown,April,CA,Taser,Firearm,28.2,0.108664773,0.155529618
40,Male,White,May,PA,Gunshot,Knife,11.2,0.110402355,0.1640178
35,Male,White,March,DE,Gunshot,Firearm,15.5,0.137201979,0.271408351
35,Male,White,May,NY,Gunshot,Firearm,12.6,0.151676206,0.292464115
39,Male,Hispanic/Latino,January,CO,Gunshot,Firearm,42.7,0.121156494,0.062254902
37,Male,White,February,GA,Gunshot,No,3,0.050305914,0.431638418
36,Male,Hispanic/Latino,January,TX,Gunshot,Firearm,33.1,0.063807531,0.106725146
62,Male,White,May,WA,Gunshot,Knife,19.1,0.11381323,0.143147897
43,Female,Black,March,CA,Gunshot,Firearm,11.2,0.119982921,0.105032823
32,Male,White,March,WA,Death in custody,Knife,27.4,0.133171913,0.294513956
34,Male,Asian/Pacific Islander,May,TX,Gunshot,Vehicle,9.2,0.092148913,0.315638907
37,Male,Black,March,CO,Gunshot,No,23.9,0.172646427,0.114899926
37,Female,Black,February,VA,Taser,No,5.6,0.016203704,0.716906946
33,Male,White,January,LA,Gunshot,Knife,18.5,0.02987013,0.122131148
35,Male,White,May,OK,Gunshot,No,14.1,0.08040201,0.125871172
40,Male,White,March,MA,Gunshot,No,16.7,0.134320175,0.158213475
21,Male,Black,May,CA,Gunshot,Firearm,1.5,0.056978002,0.556167665
30,Male,White,January,IA,Gunshot,Firearm,31.3,0.127948113,0.042051282
23,Male,Black,March,GA,Gunshot,Knife,6.9,0.033260234,0.543604651
26,Male,Native American,January,AZ,Gunshot,No,57.1,0.206933333,0.035050676
39,Female,White,May,WY,Gunshot,Firearm,8.7,0.04654387,0.212288574
33,Male,Black,April,TX,Taser,Vehicle,5.2,0.047184774,0.355059417
34,Female,Black,May,NJ,Struck by vehicle,Firearm,9.3,0.066434996,0.487170943
37,Male,Black,January,LA,Gunshot,Firearm,54.6,0.324444444,0.039319872
26,Male,Hispanic/Latino,January,CO,Gunshot,Firearm,22.1,0.171932403,0.211460151
24,Male,Hispanic/Latino,January,CA,Gunshot,No,25.5,0.103303862,0.560435572
25,Male,White,January,CA,Gunshot,Other,29.4,0.265224111,0.049474494
31,Male,Black,April,CA,Gunshot,Knife,22.4,0.123324397,0.253384913
49,Male,White,January,MA,Gunshot,Firearm,4.7,0.093385214,0.364356436
59,Male,White,February,CA,Gunshot,No,6,0.138940153,0.512849414
50,Male,Hispanic/Latino,February,TX,Gunshot,No,24.5,0.053399923,0.136064165
37,Male,White,March,CA,Gunshot,Firearm,5.6,0.108266073,0.350836333
28,Male,White,April,SC,Gunshot,Other,9.7,0.077569308,0.231973313
26,Male,Hispanic/Latino,January,TX,Gunshot,Firearm,6.3,0.094994312,0.351817622
23,Male,Black,February,CA,Gunshot,Firearm,32.2,0.083946344,0.112262522
32,Male,Black,March,NJ,Death in custody,Firearm,34.3,0.11842919,0.075572519
24,Male,White,January,MN,Gunshot,Knife,6.9,0.049067982,0.622360248
42,Male,White,January,OK,Gunshot,Firearm,34,0.066425993,0.284542314
34,Male,White,May,KS,Taser,Firearm,45.3,0.258571429,0.036484245
68,Male,White,January,MN,Gunshot,Other,8.7,0.112132353,0.264764622
31,Male,Black,April,TX,Gunshot,Firearm,26.7,0.08373079,0.068349515
83,Male,White,April,OK,Gunshot,No,8,0.066806576,0.150948367
35,Male,White,February,PA,Gunshot,Firearm,36.6,0.139742873,0.068331143
29,Male,Hispanic/Latino,March,TX,Gunshot,Firearm,21.7,0.074115665,0.240572172
50,Male,Black,May,NY,Taser,Firearm,49.9,0.259259259,0.09653092
56,Male,Unknown,April,CA,Gunshot,Firearm,11.5,0.113105925,0.107372482
43,Male,White,January,TX,Gunshot,Firearm,10,0.064629434,0.163523637
38,Male,White,April,KS,Gunshot,Firearm,10.4,0.045649073,0.366545265
63,Male,Black,March,LA,Gunshot,Disputed,-,NA,NA
27,Male,Black,March,MD,Gunshot,Firearm,3.2,0.095238095,0.474940334
36,Male,White,May,WA,Gunshot,Firearm,20.5,0.0830373,0.128080808
55,Male,White,May,OR,Gunshot,Knife,16,0.138248848,0.247411444
36,Male,White,March,CA,Gunshot,Firearm,23.1,0.117837838,0.070159027
68,Male,White,January,TX,Gunshot,No,8.6,0.051835853,0.170081392
61,Male,White,January,TX,Gunshot,No,11.5,0.081466763,0.428831012
46,Male,White,May,VA,Gunshot,No,21.8,0.083866837,0.118260244
47,Male,White,February,LA,Gunshot,Firearm,10.8,0.065487392,0.204924761
26,Male,White,March,OH,Gunshot,Vehicle,18.2,0.177073171,0.086883596
37,Male,Black,April,CA,Gunshot,No,7.4,0.081118881,0.252503954
22,Male,Hispanic/Latino,March,CA,Gunshot,Knife,11.2,0.11952862,0.173560108
18,Male,Hispanic/Latino,January,FL,Unknown,Knife,16.4,0.081262592,0.313959028
39,Male,Hispanic/Latino,April,CA,Gunshot,No,38.5,0.218400688,0.065922921
49,Male,White,February,MS,Gunshot,Other,47.1,0.127254509,0.088779956
23,Male,Black,January,OK,Gunshot,Firearm,26.7,0.080686695,0.408774373
47,Male,Hispanic/Latino,April,CA,Gunshot,Firearm,18.8,0.078510317,0.13387151
32,Male,Black,January,TX,Gunshot,Knife,18.4,0.12814412,0.077154583
45,Male,Black,May,IL,Gunshot,No,30.2,0.212271153,0.11542814
51,Male,White,February,TX,Gunshot,Knife,17.4,0.057938719,0.206791467
31,Male,Hispanic/Latino,February,TX,Gunshot,Vehicle,2.9,0.06846473,0.411525586
54,Male,White,February,WA,Death in custody,Firearm,35.9,0.131743119,0.057256583
31,Male,White,March,AZ,Gunshot,Firearm,16.2,0.149595213,0.141590679
23,Male,Hispanic/Latino,March,CA,Gunshot,Knife,39.3,0.122121424,0.201408451
29,Male,Hispanic/Latino,January,NV,Gunshot,No,22.9,0.140275387,0.039349224
28,Male,Hispanic/Latino,February,AZ,Gunshot,Firearm,39.7,0.149219467,0.244320298
31,Male,Black,May,MN,Gunshot,No,10.6,0.108108108,0.164179104
24,Male,Hispanic/Latino,April,TX,Gunshot,Firearm,30.2,0.118733509,0.06231454
27,Male,White,February,TX,Gunshot,No,7.3,0.069404151,0.636127355
57,Male,White,March,CA,Gunshot,Firearm,17.1,0.115249119,0.156238291
39,Male,Unknown,May,NJ,Gunshot,Non-lethal firearm,5.3,0.097529259,0.211101996
38,Male,White,May,MI,Gunshot,Firearm,7.1,0.071646341,0.454371585
34,Male,Hispanic/Latino,March,CA,Gunshot,Firearm,6.8,0.085368162,0.502911679
39,Male,White,March,AL,Gunshot,Other,17,0.168279344,0.068518038
20,Male,Black,March,IL,Gunshot,Firearm,37.5,0.152272727,0.070552147
35,Male,White,May,AZ,Gunshot,No,19.5,0.078651685,0.080141129
36,Male,White,April,NJ,Gunshot,Firearm,15.2,0.135890272,0.185093874
38,Male,Asian/Pacific Islander,March,HI,Taser,No,20.1,0.231788079,0.272237197
33,Male,White,May,CA,Gunshot,Firearm,19.2,0.090909091,0.227392739
57,Male,Asian/Pacific Islander,January,MN,Taser,Firearm,23,0.101226994,0.206444566
38,Male,Black,February,AL,Gunshot,Firearm,23.2,0.052918942,0.405676127
72,Male,White,April,CO,Gunshot,Firearm,16.8,0.109414758,0.223813112
37,Female,White,February,AZ,Gunshot,No,31.2,0.138238573,0.39089969
47,Male,White,May,WA,Gunshot,Knife,24.5,0.12909699,0.131484335
43,Male,White,April,MS,Taser,No,11,0.098382749,0.140836771
37,Male,White,March,WI,Gunshot,Firearm,26.6,0.109457093,0.142972319
75,Male,White,January,NJ,Gunshot,Knife,14.3,0.075431034,0.22251773
21,Male,Black,January,OK,Gunshot,Firearm,51.8,0.094752187,0.106906339
20,Male,Black,April,MI,Gunshot,Firearm,53.8,0.181212525,0.120189773
29,Male,Black,March,OH,Taser,Firearm,40.3,0.177252585,0.066876475
37,Male,Black,March,MD,Gunshot,Knife,4.5,0.134502924,0.151760228
41,Male,Black,February,OK,Taser,Firearm,7.5,0.068774265,0.166792169
22,Male,Black,April,FL,Gunshot,Knife,42.5,0.289340102,0.092167454
23,Male,Black,April,MO,Gunshot,Knife,25.1,0.268621236,0.166768728
64,Male,Black,March,OH,Gunshot,No,39.8,0.448074679,0.0675
34,Male,Black,March,MO,Gunshot,Firearm,50.8,0.299757282,0.05115346
49,Male,White,January,UT,Gunshot,Firearm,4.4,0.046353872,0.341968068
32,Male,Asian/Pacific Islander,May,CA,Gunshot,Knife,13.8,0.015197568,0.072751323
25,Male,Black,January,TX,Gunshot,Other,44.1,0.081601232,0.110399211
39,Female,White,January,NE,Gunshot,Firearm,5.5,0.028415961,0.496179039
53,Male,Unknown,January,WA,Gunshot,Non-lethal firearm,18.4,0.064193168,0.091157703
27,Male,White,May,NM,Gunshot,Firearm,8.4,0.066055046,0.306578153
36,Male,White,January,CA,Gunshot,Firearm,32,0.216848674,0.08590604
20,Male,Black,April,CO,Gunshot,Firearm,26.6,0.12590799,0.170926518
39,Male,White,January,IL,Gunshot,Firearm,14,0.053739612,0.158820941
19,Male,Black,March,WI,Gunshot,Firearm,13.3,0.055254849,0.744900197
34,Male,White,March,TX,Taser,Knife,24.3,0.197698745,0.182055101
36,Male,White,March,MS,Gunshot,Firearm,15.5,0.055140187,0.127942064
34,Male,White,March,OK,Gunshot,Firearm,20.7,0.05624297,0.163706564
31,Male,White,April,ID,Gunshot,No,9.6,0.06899401,0.19408867
45,Male,Black,March,WI,Gunshot,Non-lethal firearm,11,0.065342729,0.296017223
34,Male,White,March,NE,Gunshot,Unknown,19.9,0.055735771,0.362382445
0,Male,Unknown,January,TX,Gunshot,Other,17.9,0.058573298,0.100249066
0,Female,Unknown,May,TX,Gunshot,Knife,17.9,0.058573298,0.100249066
0,Male,White,June,NY,Gunshot,Firearm,17.9,0.058573298,0.100249066
31,Male,Hispanic/Latino,January,TX,Gunshot,No,12.5,0.023561091,0.229678912
28,Male,Hispanic/Latino,March,CA,Gunshot,Firearm,33.7,0.066431095,0.122007366
57,Male,White,February,NY,Gunshot,Firearm,1.9,0.045,0.669916938
29,Male,Black,March,VA,Gunshot,Other,6.6,0.028934368,0.225789048
50,Male,Black,April,SC,Gunshot,Knife,44.1,0.215909091,0.09294998
40,Male,White,January,TX,Gunshot,Unknown,11.2,0.027574564,0.71127026
35,Male,Hispanic/Latino,February,TX,Taser,Unknown,4,0.034519957,0.169803601
53,Male,White,March,AL,Gunshot,No,3,0.035916061,0.627631579
59,Male,Unknown,January,NJ,Gunshot,Non-lethal firearm,7.3,0.14086629,0.236107027
18,Male,Black,April,VA,Gunshot,No,35.2,0.152046784,0.12055336
28,Male,Native American,April,WA,Taser,Firearm,27.3,0.133650291,0.174524982
52,Male,White,March,NC,Gunshot,Firearm,28.5,0.256149733,0.072764228
38,Female,Black,February,CA,Gunshot,Firearm,23.9,0.069601428,0.396475771
48,Male,Unknown,January,CA,Gunshot,Firearm,6.1,0.0809121,0.435773284
